mrbeast‚Ä¢instagram‚Ä¢1679501202‚Ä¢someone forgot to tell her Feastables are now available in the @Shopapp. but thanks for getting her here, @Shopify!‚Ä¢https://instagram.fsyd7-1.fna.fbcdn.net/v/t51.2885-15/328528443_486262860254996_1547197997277938940_n.jpg?stp=dst-jpg_e35_p1080x1080_sh0.08&_nc_ht=instagram.fsyd7-1.fna.fbcdn.net&_nc_cat=1&_nc_ohc=QXMf1F88-YYAX9vyxIL&edm=AKEQFekBAAAA&ccb=7-5&oh=00_AfDGx8fidU1isw3D1DCqeKFzuly_10vIWHQRLgLSv6Jh0w&oe=64213323&_nc_sid=035b3a‚Ä¢https://www.instagram.com/p/CqGNfmrpw00/
mrbeast‚Ä¢twitter‚Ä¢1679500152‚Ä¢This is the retention chart after 50,000,000 views. Pretty crazy to see how flat it is https://t.co/j3AKtQQbMn‚Ä¢None‚Ä¢https://twitter.com/mrbeast/status/1637183449730514948
mrbeast‚Ä¢twitter‚Ä¢1679355161‚Ä¢I appreciate all of you ‚ù§Ô∏è‚Ä¢None‚Ä¢https://twitter.com/mrbeast/status/1637960379694305281
mrbeast‚Ä¢twitter‚Ä¢1679169926‚Ä¢Uploaded üëÄ‚Ä¢None‚Ä¢https://twitter.com/mrbeast/status/1637183449730514948
mrbeast‚Ä¢instagram‚Ä¢1679169718‚Ä¢Idk if you knew this but the easiest way to rob a bank is to just rip the vault out. Anyways we just uploaded, go watch‚Ä¢https://instagram.fsyd7-1.fna.fbcdn.net/v/t51.2885-15/336331384_766683778190074_4193786688305719247_n.jpg?stp=dst-jpg_e35_p1080x1080&_nc_ht=instagram.fsyd7-1.fna.fbcdn.net&_nc_cat=1&_nc_ohc=MQvDT49k-SgAX8v2OCb&edm=AKEQFekBAAAA&ccb=7-5&oh=00_AfD6NPOOPqRtQ-BMqHV47kv9Y1BG8hNoqDg_xvjfBjZarA&oe=642412C1&_nc_sid=035b3a‚Ä¢https://www.instagram.com/p/Cp8WTkfu_bi/
mrbeast‚Ä¢youtube‚Ä¢1679169601‚Ä¢I Paid A Real Assassin To Try To Kill Me‚Ä¢https://i2.ytimg.com/vi/YLt73w6criQ/hqdefault.jpg‚Ä¢https://www.youtube.com/watch?v=YLt73w6criQ
mrbeast‚Ä¢instagram‚Ä¢1679068883‚Ä¢One of the craziest videos I‚Äôve done comes out tomorrow at 4pm est!‚Ä¢https://instagram.fsyd7-1.fna.fbcdn.net/v/t51.2885-15/335991034_911044290137258_147663291431666766_n.jpg?stp=dst-jpg_e35_p1080x1080_sh0.08&_nc_ht=instagram.fsyd7-1.fna.fbcdn.net&_nc_cat=102&_nc_ohc=l_2WuWHI2QQAX92Wufo&edm=AKEQFekBAAAA&ccb=7-5&oh=00_AfBiLi7KJ6ReH7TAXwwFB4n7d5Oua5KvzsquORUfNrceeA&oe=64211AE0&_nc_sid=035b3a‚Ä¢https://www.instagram.com/p/Cp5V6kpMHtT/
mrbeast‚Ä¢instagram‚Ä¢1678554125‚Ä¢10k Girl Scout Cookies üç™‚Ä¢https://instagram.fsyd7-1.fna.fbcdn.net/v/t51.2885-15/334446831_535621322062669_2639085481783567534_n.jpg?stp=dst-jpg_e35_p1080x1080_sh0.08&_nc_ht=instagram.fsyd7-1.fna.fbcdn.net&_nc_cat=1&_nc_ohc=FU3Fz3RZm6UAX_AKuIx&edm=AKEQFekBAAAA&ccb=7-5&oh=00_AfBXnV6J4BizF3X7z3uSBgGrl3CvH518ubWG3bfBQziA_A&oe=64217E4D&_nc_sid=035b3a‚Ä¢https://www.instagram.com/p/CpqAHegLjLs/
mrbeast‚Ä¢twitter‚Ä¢1678352372‚Ä¢Just a reminder for those of you that don‚Äôt normally watch this channel, Beast Philanthropy is a charity we run and all the revenue from these videos goes towards running our food pantries and helping people around the world. Our charity owns this channel, I thought it‚Äôd be fun‚Ä¶‚Ä¢None‚Ä¢https://twitter.com/mrbeast/status/1633555074214494211
mrbeast‚Ä¢twitter‚Ä¢1678304854‚Ä¢We gave 20,000 kids in South Africa their first pair of shoes! Genuinely my favorite Beast Philanthropy video yet, go watch plz so we can do more stuff like this‚ù§Ô∏è  https://t.co/XbaZVON2Ta‚Ä¢None‚Ä¢https://twitter.com/mrbeast/status/1633555074214494211
mrbeast‚Ä¢twitter‚Ä¢1678292184‚Ä¢Hola Mexico‚Ä¢None‚Ä¢https://twitter.com/mrbeast/status/1633501931518795778
mrbeast‚Ä¢twitter‚Ä¢1678172087‚Ä¢To show how grateful I am to everyone that helped tiddy things up I‚Äôm going to donate $100,000 to charity. What charity should I donate to? Appreciate you all! ‚ù§Ô∏è‚Ä¢None‚Ä¢https://twitter.com/mrbeast/status/1631781099415257088
mrbeast‚Ä¢instagram‚Ä¢1677976527‚Ä¢Back to Back Blimps (not that it matters, awards are pointless. I just do this because my mom likes watching me win haha)‚Ä¢https://instagram.fsyd7-1.fna.fbcdn.net/v/t51.2885-15/331668349_1404149017062448_6223779840460167589_n.jpg?stp=dst-jpg_e35_p1080x1080&_nc_ht=instagram.fsyd7-1.fna.fbcdn.net&_nc_cat=104&_nc_ohc=zYJwmo0BrrMAX9WSk3M&edm=AKEQFekBAAAA&ccb=7-5&oh=00_AfB6sr9S_-oY285DaHkYBJTYYsAzc07OIPjWQsfQSSra3A&oe=64244D74&_nc_sid=035b3a‚Ä¢https://www.instagram.com/p/CpYyeZMvQci/
mrbeast‚Ä¢twitter‚Ä¢1677881905‚Ä¢I need your help! Next time you see Feastables in Walmart (and soon to be new retailers) if you could clean up the presentation and make it look better that‚Äôd make me very happy ü•∫  I‚Äôm building a team to do this routinely, just need help in the short term ‚ù§Ô∏è https://t.co/CzYqOqQvta‚Ä¢https://pbs.twimg.com/media/FqVAQoiXgAE5lzr.jpg‚Ä¢https://twitter.com/mrbeast/status/1631781099415257088
mrbeast‚Ä¢twitter‚Ä¢1677516619‚Ä¢I want to find the most creative people in the world to help inspire me how to make the videos even better. If you have experience working on productions apply here! (We review every application)  https://t.co/MtKYaMpCuo‚Äù‚Ä¢None‚Ä¢https://twitter.com/mrbeast/status/1630248975864586240
mrbeast‚Ä¢instagram‚Ä¢1677344455‚Ä¢This is why I don‚Äôt go to clubs @champagnepapi üò≠  ( w/ @maxgoodrich )‚Ä¢https://instagram.fsyd7-1.fna.fbcdn.net/v/t51.2885-15/332754754_1252520852327434_899854149027642433_n.jpg?stp=dst-jpg_e15&_nc_ht=instagram.fsyd7-1.fna.fbcdn.net&_nc_cat=110&_nc_ohc=2CD7vHNBtPUAX-IoiYF&edm=AKEQFekBAAAA&ccb=7-5&oh=00_AfCBSrX7M7h_10p5oUg3eIzz26MdYZaVgVTOxfRIDOgbGw&oe=642169FE&_nc_sid=035b3a‚Ä¢https://www.instagram.com/p/CpF81xRDkrt/
mrbeast‚Ä¢twitter‚Ä¢1677016314‚Ä¢According to this over half my Twitter audience is above the age of 20, nice‚Ä¢None‚Ä¢https://twitter.com/mrbeast/status/1627717625944866820
mrbeast‚Ä¢instagram‚Ä¢1676496193‚Ä¢Would you go on a Blind date for 500 dollars? üòÇ‚Ä¢https://instagram.fsyd7-1.fna.fbcdn.net/v/t51.2885-15/330801525_934194274417515_433573094339317093_n.jpg?stp=dst-jpg_e15&_nc_ht=instagram.fsyd7-1.fna.fbcdn.net&_nc_cat=103&_nc_ohc=LhdnOxOJ_sAAX-0gs9b&edm=AKEQFekBAAAA&ccb=7-5&oh=00_AfBJl__2AMIH5XFNk5jrm7uZFc9GriNUErRh95nQYrpfPw&oe=642159AA&_nc_sid=035b3a‚Ä¢https://www.instagram.com/p/CosqdhrO3ab/
mrbeast‚Ä¢youtube‚Ä¢1676408414‚Ä¢Do Men Lie About Their Height?‚Ä¢https://i1.ytimg.com/vi/lglIQkCHO0g/hqdefault.jpg‚Ä¢https://www.youtube.com/watch?v=lglIQkCHO0g
mrbeast‚Ä¢instagram‚Ä¢1676404674‚Ä¢EAT DEEZ NUTZ   milk chocolate with peanut butter has been our #1 most requested flavor and it‚Äôs finally here   go to feastables.com right now if you want to taste DEEZ NUTZ ü•ú‚Ä¢https://instagram.fsyd7-1.fna.fbcdn.net/v/t51.2885-15/328857958_1191263518197370_5782717993302082199_n.jpg?stp=dst-jpg_e15_fr_p1080x1080&_nc_ht=instagram.fsyd7-1.fna.fbcdn.net&_nc_cat=110&_nc_ohc=cj4lMqQX70cAX95tQlc&edm=AKEQFekBAAAA&ccb=7-5&oh=00_AfDQ3XEE0tcDg-d6P4yI_7d4nXEr9jObMqsVtTT9bkwrJA&oe=642174B9&_nc_sid=035b3a‚Ä¢https://www.instagram.com/p/Cop8UjmA7mL/
mrbeast‚Ä¢instagram‚Ä¢1676252598‚Ä¢I said the funny in a Super Bowl commercial‚Ä¢https://instagram.fsyd7-1.fna.fbcdn.net/v/t51.2885-15/330467281_556218629804284_8738339862245679054_n.jpg?stp=dst-jpg_e35&_nc_ht=instagram.fsyd7-1.fna.fbcdn.net&_nc_cat=104&_nc_ohc=yE4al_2EBewAX_UuFtS&edm=AKEQFekBAAAA&ccb=7-5&oh=00_AfCOfBypk2B2S9U2HRqKdWxVd9cSXjZin8Iue6tjCPkzTA&oe=6423A89B&_nc_sid=035b3a‚Ä¢https://www.instagram.com/p/ColaV1eLlYx/
mrbeast‚Ä¢instagram‚Ä¢1676134799‚Ä¢Would you tell me your height for 10k? üëÄ‚Ä¢https://instagram.fsyd7-1.fna.fbcdn.net/v/t51.2885-15/330068452_1835105743524739_3623883588588667714_n.jpg?stp=dst-jpg_e15&_nc_ht=instagram.fsyd7-1.fna.fbcdn.net&_nc_cat=107&_nc_ohc=wy_VwaFbY4UAX-pbFUW&edm=AKEQFekBAAAA&ccb=7-5&oh=00_AfDhzzqXFIi8ks4LpvdQbcUIk12w0c54zXl2tIn9iunDBw&oe=64216A55&_nc_sid=035b3a‚Ä¢https://www.instagram.com/p/Coh44TFLWTJ/
mrbeast‚Ä¢youtube‚Ä¢1674939600‚Ä¢1,000 Blind People See For The First Time‚Ä¢https://i1.ytimg.com/vi/TJ2ifmkGGus/hqdefault.jpg‚Ä¢https://www.youtube.com/watch?v=TJ2ifmkGGus
mrbeast‚Ä¢youtube‚Ä¢1671915599‚Ä¢I Survived 50 Hours In Antarctica‚Ä¢https://i4.ytimg.com/vi/7IKab3HcfFk/hqdefault.jpg‚Ä¢https://www.youtube.com/watch?v=7IKab3HcfFk
mrbeast‚Ä¢youtube‚Ä¢1670706001‚Ä¢Hydraulic Press Vs Lamborghini‚Ä¢https://i1.ytimg.com/vi/h5NvTTOlOtI/hqdefault.jpg‚Ä¢https://www.youtube.com/watch?v=h5NvTTOlOtI
mrbeast‚Ä¢youtube‚Ä¢1670530347‚Ä¢Would You Fly To Paris For A Baguette?‚Ä¢https://i4.ytimg.com/vi/se50viFJ0AQ/hqdefault.jpg‚Ä¢https://www.youtube.com/watch?v=se50viFJ0AQ
mrbeast‚Ä¢youtube‚Ä¢1670101200‚Ä¢100 Kids Vs 100 Adults For $500,000‚Ä¢https://i1.ytimg.com/vi/0CTp1a-aCUM/hqdefault.jpg‚Ä¢https://www.youtube.com/watch?v=0CTp1a-aCUM
mrbeast‚Ä¢youtube‚Ä¢1668891599‚Ä¢Gordon Ramsay Tries Most Expensive Chocolate Bar!‚Ä¢https://i3.ytimg.com/vi/FD-0KG-h2-c/hqdefault.jpg‚Ä¢https://www.youtube.com/watch?v=FD-0KG-h2-c
mrbeast‚Ä¢youtube‚Ä¢1668286800‚Ä¢Last To Take Hand Off Jet, Keeps It!‚Ä¢https://i4.ytimg.com/vi/kX3nB4PpJko/hqdefault.jpg‚Ä¢https://www.youtube.com/watch?v=kX3nB4PpJko
mrbeast‚Ä¢youtube‚Ä¢1667422801‚Ä¢Giving iPhones Instead Of Candy on Halloween‚Ä¢https://i2.ytimg.com/vi/YlvcFJOE-OE/hqdefault.jpg‚Ä¢https://www.youtube.com/watch?v=YlvcFJOE-OE
